Sale ID ,Gender,Age (months),Vaccine status,Weight(kg),Death Rate(%) ,Sale (in lakhs),Profit (%),Risk (%),Collection_Amount (in lakhs),Reload_History (per month),Sale_Area,Next load_Status
SL001086,Male Bird,5,Yes,5,12,98,90,100,14.8,1,Urban,N
SL001087,Female Bird,4,Yes,0.25,15,2.75,86,100,2.63,1,Semiurban,Y
SL001091,Male Bird,1,Yes,0.25,15.9,2.75,86,100,2.63,1,Urban,N
SL001095,Male Bird,0,Yes,0.25,15,2.75,86,100,2.63,1,Urban,N
SL001002,Female Bird,3,Yes,0.58,15,2.75,90,100,2.63,1,Urban,Y
SL001003,Male Bird,12,Yes,4.56,2,69,150,48,4.8,1,Rural,N
SL001005,Male Bird,3,Yes,0.58,15,2.75,90,100,2.63,1,Urban,Y
SL001006,Male Bird,4+,Yes,0.58,15,2.75,86,100,2.63,1,Urban,Y
SL001008,Male Bird,0,Yes,0.25,15,2.75,86,100,2.63,1,Urban,Y
SL001011,Male Bird,2,Yes,0.58,15,2.75,86,100,2.63,1,Urban,Y
SL001013,Male Bird,2,Yes,0.58,15,2.75,86,100,2.63,1,Urban,Y
SL001014,Male Bird,3,Yes,0.58,15,2.75,90,100,2.63,0,Semiurban,N
SL001018,Male Bird,3,Yes,0.58,15,2.75,90,100,2.63,1,Urban,Y
SL001020,Male Bird,11,Yes,4.56,2,69,150,48,4.8,1,Semiurban,N
SL001024,Male Bird,4,Yes,0.35,15,2.75,86,100,2.35,1,Urban,Y
SL001027,Female Bird,3,Yes,5,15,2.75,90,100,2.63,1,Urban,Y
SL001028,Male Bird,11,Yes,4.56,2,69,150,48,4.8,1,Urban,Y
SL001029,Male Bird,3,Yes,5,15,2.75,90,100,4.8,1,Rural,N
SL001030,Male Bird,0,Yes,0.35,15,2.75,86,100,2.35,1,Urban,Y
SL001032,Male Bird,0,Yes,0.35,15,2.75,86,100,2.35,1,Urban,Y
SL001034,Male Bird,4+,Yes,5,12,98,90,100,4.8,1,Urban,Y
SL001036,Female Bird,0,Yes,0.3,15,2.75,86,100,2.35,0,Urban,N
SL001038,Male Bird,3,Yes,5,15,2.75,90,100,4.8,1,Rural,N
SL001041,Female Bird,4,Yes,5,12,98,90,100,2.35,1,Urban,Y
SL001043,Male Bird,3,Yes,0.35,15,2.75,86,100,2.35,0,Urban,N
SL001046,Male Bird,0,Yes,0.35,15,2.75,86,100,2.35,1,Urban,Y
SL001047,Male Bird,11,Yes,4.56,2.56,69,150,48,4.8,0,Semiurban,N
SL001050,Female Bird,3,Yes,5,15,2.75,90,100,4.8,0,Rural,N
SL001052,Male Bird,0,Yes,5,15,2.75,86,100,2.63,1,Urban,Y
SL001066,Male Bird,1,Yes,0.23,15,2.75,86,100,2.63,1,Semiurban,Y
SL001068,Male Bird,0,Yes,0.26,15,2.75,86,100,2.63,1,Semiurban,Y
SL001073,Male Bird,0,Yes,0.25,15,2.75,86,100,2.63,1,Urban,Y
SL001236,Male Bird,0,Yes,0.35,15,2.75,86,300,2.35,1,Semiurban,Y
SL001097,Male Bird,4,Yes,5,12,98,90,100,4.8,1,Rural,N
SL001098,Male Bird,0,Yes,0.25,15,2.75,86,100,2.63,1,Semiurban,Y
SL001100,Male Bird,0,Yes,0.25,15,2.75,86,100,2.63,1,Rural,N
SL001106,Male Bird,5,Yes,5,12,98,90,100,4.8,1,Urban,Y
SL001109,Male Bird,0,Yes,0.35,15,2.75,86,300,0.85,0,Urban,N
SL001112,Female Bird,0,Yes,0.35,15,2.75,86,300,2.35,1,Semiurban,Y
SL001114,Male Bird,1,Yes,0.35,15,2.75,86,300,2.35,1,Urban,Y
SL001116,Male Bird,0,Yes,0.35,15,2.75,86,300,2.35,1,Semiurban,Y
SL001119,Male Bird,0,Yes,0.35,15,2.75,86,100,2.35,1,Urban,N
SL001120,Male Bird,3,Yes,1.25,15,2.75,90,300,4.8,1,Urban,Y
SL001123,Male Bird,1,Yes,0.25,15,2.75,86,100,2.63,1,Urban,Y
SL001131,Male Bird,0,Yes,0.25,15,2.75,86,300,2.63,1,Semiurban,Y
SL001136,Male Bird,0,Yes,0.25,15,2.75,86,96,0.85,1,Urban,Y
SL001137,Female Bird,0,Yes,0.25,15,2.75,86,100,0.85,1,Urban,Y
SL001138,Male Bird,4+,Yes,5,12,98,90,100,4.8,1,Urban,Y
SL001144,Male Bird,0,Yes,0.25,15,2.75,86,300,2.63,1,Urban,Y
SL001146,Female Bird,1,Yes,0.25,15,2.75,86,300,2.63,0,Urban,N
SL001151,Female Bird,3,Yes,1.25,15,2.75,90,300,4.8,1,Semiurban,Y
SL001155,Female Bird,4,Yes,5,12,98,90,100,4.8,1,Semiurban,Y
SL001157,Female Bird,0,Yes,0.28,15,2.75,86,300,2.63,1,Semiurban,Y
SL001164,Female Bird,1,Yes,0.28,15,2.75,86,300,2.63,1,Semiurban,N
SL001179,Male Bird,1,Yes,0.28,15,2.75,86,300,2.63,1,Urban,N
SL001186,Female Bird,0,Yes,0.28,15,2.75,86,300,2.63,0,Urban,N
SL001194,Male Bird,11,Yes,4.56,2,69,150,48,4.8,1,Semiurban,Y
SL001195,Male Bird,0,Yes,0.28,15,2.75,86,96,2.63,1,Semiurban,Y
SL001197,Male Bird,0,Yes,0.28,15,2.75,86,300,2.63,1,Rural,N
SL001198,Male Bird,10,Yes,4.56,6,93,150,65,4.8,1,Urban,Y
SL001199,Male Bird,3,Yes,1.25,15,2.75,90,300,4.8,1,Urban,Y
SL001205,Male Bird,0,Yes,0.28,15,2.75,86,300,2.63,1,Urban,Y
SL001206,Male Bird,9,Yes,3.65,6,93,150,65,4.8,1,Urban,Y
SL001207,Male Bird,4,Yes,5,12,98,90,100,4.8,0,Rural,N
SL001213,Male Bird,9,Yes,3.65,6,93,150,56,4.8,0,Rural,N
SL001222,Female Bird,6,Yes,5,12,98,90,100,4.8,0,Semiurban,N
SL001225,Male Bird,9,Yes,3.65,6,93,150,65,4.8,1,Semiurban,N
SL001228,Male Bird,9,Yes,3.65,6,93,150,65,4.8,0,Urban,N
SL001233,Male Bird,11,Yes,3.65,2,69,150,48,4.8,1,Urban,Y
SL001238,Male Bird,3,Yes,1.25,15,2.75,90,300,4.8,1,Urban,Y
SL001241,Female Bird,7,Yes,1.53,12,98,150,80,4.8,0,Semiurban,N
SL001243,Male Bird,7,Yes,1.53,12,98,150,80,4.8,1,Urban,Y
SL001245,Male Bird,1,Yes,0.28,15,2.75,86,97,2.63,1,Semiurban,Y
SL001248,Male Bird,7,Yes,1.53,12,98,150,80,4.8,1,Semiurban,Y
SL001250,Male Bird,4,Yes,5,12,98,90,100,0.85,0,Semiurban,N
SL001253,Male Bird,3,Yes,1.25,15,2.75,90,300,4.8,1,Semiurban,Y
SL001255,Male Bird,5,Yes,5,12,98,90,100,4.8,1,Urban,N
SL001256,Male Bird,7,Yes,1.53,12,98,150,80,4.8,1,Urban,N
SL001259,Male Bird,5,Yes,5,12,98,90,100,4.8,1,Urban,N
SL001263,Male Bird,4,Yes,5,12,98,90,100,4.8,0,Semiurban,N
SL001264,Male Bird,5,Yes,5,12,98,90,100,4.8,1,Semiurban,Y
SL001265,Female Bird,7,Yes,1.53,12,98,150,80,4.8,1,Semiurban,Y
SL001266,Male Bird,5,Yes,5,12,98,90,100,4.8,1,Semiurban,Y
SL001267,Female Bird,8,Yes,1.53,6,98,150,65,4.8,1,Urban,N
SL001273,Male Bird,7,Yes,1.53,12,98,150,80,4.8,1,Semiurban,N
SL001275,Male Bird,6,Yes,6,12,98,90,100,4.8,1,Urban,Y
SL001279,Male Bird,7,Yes,1.53,12,98,150,80,4.8,1,Semiurban,Y
SL001280,Male Bird,6,Yes,9,12,98,90,100,4.8,1,Semiurban,Y
SL001282,Male Bird,8,Yes,2,6,98,200,65,4.8,1,Semiurban,Y
SL001289,Male Bird,5,Yes,9,12,98,90,100,4.8,1,Urban,Y
SL001310,Male Bird,8,Yes,2,6,98,200,65,4.8,1,Semiurban,Y
SL001316,Male Bird,6,Yes,9,12,98,90,100,4.8,1,Semiurban,Y
SL001318,Male Bird,6,Yes,9,12,98,90,100,4.8,1,Semiurban,Y
SL001319,Male Bird,3,Yes,9,15,2.75,90,100,4.8,1,Urban,Y
SL001322,Male Bird,8,Yes,2,6,98,200,65,4.8,1,Semiurban,Y
SL001325,Male Bird,5,Yes,9,12,98,90,100,4.8,1,Semiurban,Y
SL001326,Male Bird,4,Yes,9,12,98,90,100,2.63,1,Urban,N
SL001327,Female Bird,4,Yes,9,12,98,90,100,2.63,1,Semiurban,Y
SL001333,Male Bird,3,Yes,0.98,15,2.75,90,300,2.63,1,Semiurban,Y
SL001334,Male Bird,8,Yes,2,6,98,200,65,4.8,1,Semiurban,Y
SL001343,Male Bird,11,Yes,3.65,2,69,200,48,4.8,1,Semiurban,Y
SL001345,Male Bird,4,Yes,9,12,98,90,100,2.63,1,Urban,Y
SL001349,Male Bird,3,Yes,0.98,15,2.75,90,300,2.63,1,Semiurban,Y
SL001350,Male Bird,1,Yes,0.28,15,2.75,86,255,2.63,1,Urban,Y
SL001356,Male Bird,5,Yes,9,12,98,90,100,4.8,1,Semiurban,Y
SL001357,Male Bird,11,Yes,3.65,2,69,200,48,4.8,1,Urban,Y
SL001367,Male Bird,5,Yes,9,12,98,90,100,4.8,1,Urban,Y
SL001369,Male Bird,6,Yes,9,12,98,90,100,4.8,1,Urban,Y
SL001370,Male Bird,7,Yes,0.965,12,98,200,80,2.63,1,Rural,N
SL001379,Male Bird,4,Yes,9,12,98,90,100,2.63,0,Urban,N
SL001384,Male Bird,8,Yes,1.65,6,98,200,65,4.8,1,Semiurban,Y
SL001385,Male Bird,11,Yes,3.65,2,69,200,48,4.8,1,Urban,Y
SL001387,Female Bird,8,Yes,0.965,6,98,200,65,2.63,1,Semiurban,Y
SL001391,Male Bird,6,Yes,9,12,98,90,100,4.8,0,Rural,N
SL001392,Female Bird,11,Yes,3.65,2,69,200,56,4.8,1,Semiurban,Y
SL001398,Male Bird,0,Yes,0.965,15,2.75,86,300,2.63,1,Semiurban,Y
SL001401,Male Bird,0,Yes,0.25,15,2.75,86,300,2.63,1,Rural,Y
SL001404,Female Bird,11,Yes,3.65,2,69,200,48,4.8,1,Semiurban,Y
SL001405,Male Bird,8,Yes,1.9,6,98,200,65,4.8,1,Urban,Y
SL001421,Male Bird,4,Yes,9,12,98,90,100,2.63,1,Rural,N
SL001422,Female Bird,2,Yes,0.98,15,2.75,86,300,2.63,1,Urban,Y
SL001426,Male Bird,5,Yes,9,12,98,90,100,4.8,1,Rural,Y
SL001430,Female Bird,1,Yes,0.21,15,2.75,86,300,2.63,1,Semiurban,Y
SL001431,Female Bird,11,Yes,4,2,69,200,48,4.8,0,Semiurban,Y
SL001432,Male Bird,0,Yes,0.21,15,2.75,86,100,2.63,1,Semiurban,Y
SL001439,Male Bird,0,Yes,0.21,15,2.75,86,300,2.63,1,Rural,Y
SL001443,Female Bird,1,Yes,0.21,15,2.75,86,93,2.63,1,Rural,Y
SL001448,Female Bird,4,Yes,1.96,10,89,99,48,0.85,1,Rural,Y
SL001449,Male Bird,0,Yes,0.21,15,2.75,86,255,2.63,1,Rural,Y
SL001451,Male Bird,2,Yes,0.98,15,2.75,86,300,2.63,0,Urban,N
SL001465,Male Bird,2,Yes,0.98,15,2.75,86,300,2.63,1,Rural,N
SL001469,Male Bird,2,Yes,0.98,15,2.75,86,300,2.63,1,Urban,Y
SL001473,Male Bird,1,Yes,0.21,15,2.75,86,100,2.63,1,Urban,Y
SL001478,Male Bird,4,Yes,9,12,98,90,100,2.63,1,Semiurban,Y
SL001482,Male Bird,5,Yes,9,12,98,90,100,4.8,1,Semiurban,Y
SL001487,Male Bird,2,Yes,0.98,15,2.75,86,300,2.63,1,Semiurban,Y
SL001488,Male Bird,0,Yes,0.21,15,2.75,86,300,2.63,1,Semiurban,N
SL001489,Female Bird,2,Yes,9,15,2.75,86,100,2.63,1,Rural,N
SL001491,Male Bird,0,Yes,0.21,15,2.75,86,100,2.63,1,Urban,Y
SL001492,Male Bird,1,Yes,0.21,15,2.75,86,300,2.63,0,Semiurban,N
SL001493,Male Bird,2,Yes,0.98,15,2.75,86,300,2.63,1,Rural,N
SL001497,Male Bird,0,Yes,0.21,15,2.75,86,300,2.63,1,Rural,N
SL001498,Male Bird,2,Yes,0.98,15,2.75,86,300,2.63,1,Urban,Y
SL001504,Male Bird,1,Yes,0.21,15,2.75,86,300,2.63,1,Semiurban,Y
SL001507,Male Bird,0,Yes,0.21,15,2.75,86,300,2.63,1,Semiurban,Y
SL001508,Male Bird,1,Yes,0.21,15,2.75,86,300,2.63,1,Urban,Y
SL001514,Female Bird,2,Yes,0.98,15,2.75,86,300,2.63,1,Semiurban,Y
SL001516,Female Bird,4,Yes,9,12,98,90,100,2.63,1,Urban,Y
SL001518,Male Bird,1,Yes,0.21,15,2.75,86,300,2.63,1,Urban,Y
SL001519,Female Bird,1,Yes,0.21,15,2.75,86,300,2.63,1,Rural,N
SL001520,Male Bird,2,Yes,0.98,15,2.75,86,300,2.63,1,Semiurban,Y
SL001528,Male Bird,1,Yes,0.21,15,2.75,86,300,2.63,0,Rural,N
SL001529,Male Bird,1,Yes,0.21,15,2.75,86,300,2.63,1,Rural,Y
SL001531,Male Bird,4,Yes,9,12,98,90,100,2.63,1,Urban,N
SL001532,Male Bird,1,Yes,0.21,15,2.75,86,300,2.63,1,Rural,N
SL001535,Male Bird,2,Yes,0.98,15,2.75,86,300,2.63,1,Urban,Y
SL001536,Male Bird,1,Yes,0.21,15,2.75,86,300,2.63,0,Semiurban,Y
SL001541,Male Bird,8,Yes,1.9,6,98,200,65,4.8,1,Rural,Y
SL001543,Male Bird,4,Yes,9,12,98,90,100,2.63,1,Urban,Y
SL001546,Male Bird,9,Yes,0.965,6,93,200,65,2.63,1,Rural,Y
SL001552,Male Bird,8,Yes,1.9,6,98,200,65,4.8,1,Semiurban,Y
SL001560,Male Bird,8,Yes,1.9,6,98,200,65,4.8,1,Semiurban,Y
SL001562,Male Bird,7,Yes,1.9,12,98,200,80,4.8,1,Urban,N
SL001565,Male Bird,8,Yes,1.9,6,98,200,65,4.8,0,Semiurban,N
SL001570,Male Bird,7,Yes,1.9,12,98,200,80,4.8,1,Rural,Y
SL001572,Male Bird,5,Yes,9,12,98,90,100,4.8,1,Urban,Y
SL001574,Male Bird,4,Yes,9,12,98,90,100,2.63,1,Rural,Y
SL001577,Female Bird,0,Yes,0.21,15,2.75,86,300,2.63,1,Rural,N
SL001578,Male Bird,4,Yes,9,12,98,90,100,2.63,1,Rural,Y
SL001579,Male Bird,7,Yes,1.9,12,98,200,80,4.8,0,Semiurban,N
SL001580,Male Bird,2,Yes,0.98,15,2.75,86,300,2.63,1,Semiurban,Y
SL001581,Male Bird,8,Yes,0.965,6,98,200,65,2.63,1,Rural,Y
SL001585,Female Bird,1,Yes,0.21,15,2.75,86,300,2.63,1,Urban,Y
SL001586,Male Bird,8,Yes,2.3,6,98,200,65,4.8,1,Rural,N
SL001594,Male Bird,1,Yes,0.21,15,2.75,86,300,2.63,1,Semiurban,Y
SL001603,Male Bird,1,Yes,0.21,15,2.75,86,100,2.63,1,Semiurban,N
SL001606,Male Bird,1,Yes,0.21,15,2.75,86,300,2.63,1,Rural,Y
SL001608,Male Bird,8,Yes,2.3,6,98,200,65,4.8,1,Rural,Y
SL001610,Male Bird,1,Yes,0.21,15,2.75,86,300,2.63,0,Semiurban,N
SL001616,Male Bird,1,Yes,0.21,15,2.75,86,300,2.63,1,Semiurban,Y
SL001630,Male Bird,1,Yes,0.21,15,2.75,86,300,2.63,0,Urban,N
SL001633,Male Bird,0,Yes,0.21,15,2.75,86,300,2.63,0,Urban,N
SL001634,Male Bird,1,Yes,0.21,15,2.75,86,255,2.63,1,Rural,N
SL001636,Male Bird,14,Yes,6.25,2,69,200,48,4.8,1,Semiurban,Y
SL001637,Male Bird,4,Yes,9,12,98,90,100,2.63,1,Semiurban,N
SL001639,Female Bird,0,Yes,0.21,15,2.75,86,300,2.63,1,Semiurban,Y
SL001640,Male Bird,4,Yes,9,12,98,90,100,2.63,1,Semiurban,Y
SL001641,Male Bird,4,Yes,9,12,98,90,100,2.63,0,Rural,N
SL001643,Male Bird,4,Yes,8.96,12,98,90,100,2.63,1,Rural,Y
SL001644,Female Bird,8,Yes,2.3,6,98,200,65,4.8,1,Rural,Y
SL001647,Male Bird,6,Yes,8.96,12,98,90,100,4.8,1,Rural,Y
SL001653,Male Bird,8,Yes,2.3,6,98,180,65,4.8,1,Rural,Y
SL001656,Male Bird,9,Yes,3.36,6,93,180,65,4.8,1,Semiurban,N
SL001657,Male Bird,8,Yes,2.3,6,98,180,65,4.8,1,Urban,N
SL001658,Male Bird,5,Yes,8.96,12,98,90,100,4.8,1,Semiurban,Y
SL001664,Male Bird,4,Yes,8.96,12,98,90,100,2.63,1,Rural,Y
SL001665,Male Bird,5,Yes,8.96,12,98,90,100,4.8,1,Semiurban,N
SL001666,Male Bird,4,Yes,8.96,12,98,90,100,2.63,1,Rural,Y
SL001669,Female Bird,0,Yes,0.21,15,2.75,86,300,2.63,1,Urban,Y
SL001671,Female Bird,4,Yes,8.96,12,98,90,100,2.63,1,Semiurban,Y
SL001673,Male Bird,4,Yes,8.96,12,98,90,100,2.63,1,Urban,N
SL001674,Male Bird,4,Yes,8.96,12,98,90,100,2.63,1,Semiurban,Y
SL001677,Male Bird,5,Yes,8.96,12,98,90,100,4.8,0,Semiurban,Y
SL001682,Male Bird,4,Yes,8.96,12,98,90,100,2.63,1,Urban,N
SL001688,Male Bird,4,Yes,8.96,12,98,90,100,4.8,1,Urban,Y
SL001691,Male Bird,4,Yes,8.96,12,98,90,100,4.8,1,Semiurban,Y
SL001692,Female Bird,4,Yes,8.96,12,98,90,100,4.8,1,Semiurban,Y
SL001693,Female Bird,4,Yes,8.96,12,98,90,100,4.8,1,Urban,Y
SL001698,Male Bird,5,Yes,2.39,12,98,90,100,4.8,1,Rural,Y
SL001699,Male Bird,5,Yes,2.39,12,98,90,100,4.8,1,Urban,Y
SL001702,Male Bird,3,Yes,1.12,15,2.75,90,300,4.8,1,Semiurban,N
SL001708,Female Bird,3,Yes,1.12,15,2.75,90,300,4.8,1,Semiurban,N
SL001711,Male Bird,5,Yes,2.39,12,98,90,100,4.8,0,Semiurban,N
SL001713,Male Bird,3,Yes,1.12,15,2.75,90,300,4.8,1,Urban,Y
SL001715,Male Bird,0,Yes,0.21,15,2.75,86,300,2.63,1,Rural,Y
SL001716,Male Bird,3,Yes,1.12,15,2.75,90,300,4.8,1,Urban,Y
SL001720,Male Bird,4,Yes,8.96,12,98,90,100,4.8,1,Semiurban,Y
SL001722,Male Bird,4,Yes,8.96,12,98,90,100,4.8,1,Rural,N
SL001726,Male Bird,6,Yes,2.39,12,98,90,100,4.8,1,Semiurban,Y
SL001732,Male Bird,4,Yes,8.96,12,98,90,100,2.63,0,Semiurban,N
SL001734,Female Bird,0,Yes,0.21,15,2.75,86,300,2.63,1,Semiurban,Y
SL001736,Male Bird,6,Yes,2.39,12,98,90,100,4.8,0,Urban,N
SL001743,Male Bird,6,Yes,2.39,12,98,90,100,4.8,1,Semiurban,Y
SL001744,Male Bird,4,Yes,8.96,12,98,90,100,2.63,1,Semiurban,Y
SL001749,Male Bird,6,Yes,2.39,12,98,90,100,4.8,1,Semiurban,Y
SL001750,Male Bird,7,Yes,2.39,12,98,180,80,4.8,1,Semiurban,Y
SL001751,Male Bird,0,Yes,0.21,15,2.75,86,300,2.63,1,Rural,N
SL001754,Male Bird,7,Yes,2.39,12,98,180,80,4.8,1,Urban,N
SL001758,Male Bird,7,Yes,2.39,12,98,180,80,4.8,1,Semiurban,Y
SL001760,Male Bird,7,Yes,2.39,12,98,180,80,4.8,1,Semiurban,Y
SL001761,Male Bird,4,Yes,8.96,12,98,90,100,2.63,1,Rural,Y
SL001765,Male Bird,8,Yes,2.39,6,98,180,65,4.8,1,Semiurban,Y
SL001768,Male Bird,8,Yes,0.965,6,98,180,65,2.63,1,Rural,Y
SL001770,Male Bird,4,Yes,0.78,12,98,90,100,2.63,1,Rural,Y
SL001776,Female Bird,8,Yes,1.99,6,98,180,65,4.8,1,Semiurban,Y
SL001778,Male Bird,8,Yes,1.99,6,98,180,65,4.8,1,Semiurban,Y
SL001784,Male Bird,8,Yes,1.99,6,98,180,65,4.8,1,Rural,Y
SL001786,Male Bird,4,Yes,8.96,12,98,90,100,2.63,1,Urban,N
SL001788,Female Bird,9,Yes,3.36,6,93,180,65,4.8,1,Urban,Y
SL001790,Female Bird,9,Yes,3.36,6,93,180,65,4.8,1,Rural,Y
SL001792,Male Bird,4,Yes,0.78,12,98,90,100,2.63,1,Semiurban,Y
SL001798,Male Bird,9,Yes,3.36,6,93,180,65,4.8,1,Rural,Y
SL001800,Male Bird,9,Yes,3.36,6,93,180,65,4.8,1,Urban,N
SL001806,Male Bird,4,Yes,0.78,12,98,90,100,2.63,1,Urban,Y
SL001807,Male Bird,4,Yes,0.78,12,98,90,100,2.63,1,Rural,Y
SL001811,Male Bird,1,Yes,0.21,15,2.75,86,300,2.63,1,Semiurban,Y
SL001813,Male Bird,1,Yes,0.21,15,2.75,86,300,2.63,1,Urban,N
SL001814,Male Bird,4,Yes,0.78,12,98,90,100,2.63,1,Urban,Y
SL001819,Male Bird,4,Yes,0.78,12,98,90,100,2.63,1,Urban,Y
SL001824,Male Bird,1,Yes,0.21,15,2.75,86,300,2.63,1,Semiurban,Y
SL001825,Male Bird,1,Yes,0.21,15,2.75,86,90,2.63,1,Urban,Y
SL001835,Male Bird,4,Yes,0.78,12,98,90,100,2.63,0,Semiurban,N
SL001836,Female Bird,4,Yes,0.78,12,98,90,100,2.63,1,Urban,N
SL001841,Male Bird,1,Yes,0.21,15,2.75,86,300,2.63,1,Rural,Y
SL001843,Male Bird,1,Yes,0.21,15,2.75,86,300,2.63,1,Semiurban,Y
SL001844,Male Bird,0,Yes,0.21,15,2.75,86,300,2.63,0,Urban,N
SL001846,Female Bird,1,Yes,0.21,15,2.75,86,300,2.63,1,Rural,Y
SL001849,Male Bird,4,Yes,0.78,12,98,90,100,2.63,0,Rural,N
SL001854,Male Bird,4,Yes,0.78,12,98,90,100,2.63,1,Urban,N
SL001859,Male Bird,4,Yes,0.78,12,98,90,100,2.63,1,Rural,N
SL001864,Male Bird,2,Yes,0.78,15,2.75,86,300,2.63,1,Semiurban,N
SL001865,Male Bird,2,Yes,0.78,15,2.75,86,300,2.63,1,Urban,Y
SL001868,Male Bird,2,Yes,0.78,15,2.75,86,300,2.63,1,Semiurban,Y
SL001870,Female Bird,2,Yes,0.78,15,2.75,86,300,2.63,1,Semiurban,N
SL001871,Female Bird,6,Yes,1.99,12,98,90,100,4.8,1,Rural,Y
SL001872,Male Bird,0,Yes,0.21,15,2.75,86,300,2.63,1,Semiurban,Y
SL001875,Male Bird,5,Yes,1.99,12,98,90,100,4.8,1,Rural,Y
SL001877,Male Bird,4,Yes,0.78,12,98,90,100,2.63,1,Semiurban,Y
SL001882,Male Bird,1,Yes,0.21,15,2.75,86,300,2.63,0,Urban,Y
SL001883,Female Bird,0,Yes,0.21,15,2.75,86,300,2.63,1,Rural,N
SL001884,Female Bird,4,Yes,0.78,12,98,90,100,2.63,1,Urban,Y
SL001888,Female Bird,1,Yes,0.21,15,2.75,86,300,2.63,1,Urban,Y
SL001891,Male Bird,8,Yes,1.99,6,98,180,65,4.8,1,Urban,Y
SL001892,Male Bird,1,Yes,0.21,15,2.75,86,300,2.63,1,Rural,Y
SL001894,Male Bird,1,Yes,0.21,15,2.75,86,300,2.63,1,Semiurban,Y
SL001896,Male Bird,7,Yes,1.99,12,98,180,80,4.8,1,Semiurban,Y
SL001900,Male Bird,1,Yes,0.21,15,2.75,86,300,2.63,1,Semiurban,Y
SL001903,Male Bird,1,Yes,0.21,15,2.75,86,300,2.63,1,Semiurban,Y
SL001904,Male Bird,0,Yes,0.21,15,2.75,86,100,2.63,1,Urban,Y
SL001907,Male Bird,1,Yes,0.287,15,2.75,86,300,2.63,1,Semiurban,Y
SL001908,Female Bird,1,Yes,0.287,15,2.75,86,300,2.63,1,Rural,Y
SL001910,Male Bird,1,Yes,0.287,15,2.75,86,300,2.63,0,Urban,N
SL001914,Male Bird,1,Yes,0.287,15,2.75,86,300,2.63,1,Semiurban,Y
SL001915,Male Bird,1,Yes,0.287,15,2.75,86,100,2.63,1,Urban,Y
SL001917,Female Bird,1,Yes,0.287,15,2.75,86,300,2.63,1,Urban,Y
SL001922,Male Bird,0,Yes,0.287,15,2.75,86,255,2.63,1,Rural,N
SL001924,Male Bird,1,Yes,0.287,15,2.75,86,100,2.63,1,Rural,Y
SL001925,Female Bird,1,Yes,0.287,15,2.75,86,300,2.63,1,Semiurban,N
SL001926,Male Bird,10,Yes,3.36,6,93,180,65,4.8,1,Rural,Y
SL001931,Female Bird,1,Yes,0.287,15,2.75,86,300,2.63,1,Semiurban,Y
SL001935,Male Bird,1,Yes,0.287,15,2.75,86,300,2.63,1,Rural,Y
SL001936,Male Bird,1,Yes,0.287,15,2.75,86,300,2.63,1,Rural,Y
SL001938,Male Bird,5,Yes,1.99,12,98,90,100,4.8,0,Semiurban,N
SL001940,Male Bird,0,Yes,0.287,15,2.75,86,300,2.63,1,Urban,Y
SL001945,Female Bird,1,Yes,0.287,15,2.75,86,300,2.63,0,Urban,N
SL001947,Male Bird,1,Yes,0.287,15,2.75,86,300,2.63,1,Semiurban,Y
SL001949,Male Bird,1,Yes,0.287,15,2.75,86,300,2.63,1,Urban,Y
SL001953,Male Bird,1,Yes,0.287,15,2.75,86,300,2.63,1,Semiurban,Y
SL001954,Female Bird,3,Yes,0.78,15,2.75,90,300,2.63,1,Urban,Y
SL001955,Female Bird,2,Yes,0.78,15,2.75,86,300,2.63,1,Rural,N
SL001963,Male Bird,1,Yes,0.287,15,2.75,86,300,2.63,1,Urban,N
SL001964,Male Bird,2,Yes,0.78,15,2.75,86,93,2.63,0,Urban,N
SL001972,Male Bird,0,Yes,0.287,15,2.75,86,300,2.63,1,Semiurban,Y
SL001974,Female Bird,2,Yes,0.78,15,2.75,86,300,2.63,1,Rural,Y
SL001977,Male Bird,2,Yes,0.78,15,2.75,86,96,2.63,1,Urban,Y
SL001978,Male Bird,0,Yes,0.287,15,2.75,86,300,2.63,1,Rural,Y
SL001990,Male Bird,2,Yes,0.78,15,2.75,86,255,2.63,1,Urban,N
SL001993,Female Bird,1,Yes,0.287,15,2.75,86,300,2.63,1,Rural,Y
SL001994,Female Bird,2,Yes,0.78,15,2.75,86,300,2.63,0,Urban,N
SL001996,Male Bird,9,Yes,3.36,6,93,180,65,4.8,1,Rural,N
SL001998,Male Bird,0,Yes,0.287,15,2.75,86,300,2.63,1,Rural,Y
SL002002,Female Bird,9,Yes,3.36,6,93,180,65,4.8,1,Semiurban,Y
SL002004,Male Bird,9,Yes,3.36,6,93,180,65,4.8,1,Semiurban,Y
SL002006,Female Bird,9,Yes,3.36,6,93,180,65,4.8,1,Rural,Y
SL002008,Male Bird,9,Yes,3.36,6,93,180,65,4.8,1,Rural,Y
SL002024,Female Bird,6,Yes,1.99,12,98,90,100,4.8,1,Rural,N
SL002031,Male Bird,6,Yes,1.99,12,98,90,100,4.8,1,Urban,Y
SL002035,Male Bird,6,Yes,1.99,12,98,90,100,4.8,1,Semiurban,Y
SL002036,Male Bird,7,Yes,1.99,12,98,180,80,4.8,1,Urban,Y
SL002043,Female Bird,6,Yes,1.99,12,98,90,100,4.8,1,Semiurban,Y
SL002050,Male Bird,9,Yes,3.36,6,93,180,65,4.8,1,Rural,N
SL002051,Male Bird,6,Yes,1.99,12,98,90,100,4.8,1,Semiurban,Y
SL002053,Male Bird,1,Yes,0.287,15,2.75,86,300,2.63,1,Semiurban,Y
SL002054,Male Bird,8,Yes,1.99,6,98,180,56,4.8,1,Rural,Y
SL002055,Female Bird,7,Yes,1.99,12,98,180,80,4.8,1,Rural,Y
SL002065,Male Bird,8,Yes,1.99,6,98,180,65,4.8,1,Rural,Y
SL002067,Male Bird,3,Yes,0.78,15,2.75,90,300,2.63,0,Rural,N
SL002068,Male Bird,8,Yes,1.99,6,98,180,65,4.8,0,Rural,Y
SL002082,Male Bird,0,Yes,0.287,15,2.75,86,300,2.63,1,Semiurban,Y
SL002086,Female Bird,8,Yes,1.99,6,98,180,65,4.8,1,Urban,N
SL002087,Female Bird,8,Yes,1.99,6,98,180,65,4.8,1,Urban,Y
SL002097,Male Bird,3,Yes,0.78,15,2.75,90,300,2.63,1,Urban,Y
SL002098,Male Bird,4,Yes,0.78,12,98,90,100,2.63,1,Semiurban,Y
SL002100,Male Bird,0,Yes,0.287,15,2.75,86,100,2.63,1,Urban,Y
SL002101,Male Bird,4,Yes,0.78,12,98,90,100,2.63,1,Urban,Y
SL002103,Female Bird,3,Yes,0.78,15,2.75,90,300,2.63,1,Urban,Y
SL002106,Male Bird,4,Yes,0.78,12,98,90,100,2.63,1,Semiurban,Y
SL002110,Male Bird,4,Yes,0.78,12,98,90,100,2.63,1,Rural,Y
SL002112,Male Bird,0,Yes,0.287,15,2.75,86,300,2.63,1,Rural,Y
SL002113,Female Bird,4,Yes,0.78,12,98,90,100,2.63,0,Urban,N
SL002114,Female Bird,5,Yes,1.99,12,98,90,100,4.8,1,Semiurban,Y
SL002115,Male Bird,3,Yes,0.78,15,2.75,90,300,2.63,1,Rural,N
SL002116,Female Bird,5,Yes,1.99,12,98,90,100,4.8,1,Rural,N
SL002119,Male Bird,7,Yes,1.99,12,98,180,80,4.8,1,Urban,Y
SL002126,Male Bird,7,Yes,1.99,12,98,180,80,4.8,1,Semiurban,Y
SL002128,Male Bird,5,Yes,8.96,12,98,90,100,2.63,1,Rural,Y
SL002129,Male Bird,7,Yes,1.897,12,98,180,80,4.8,1,Semiurban,Y
SL002130,Male Bird,3,Yes,0.78,15,2.75,90,300,2.63,0,Rural,N
SL002131,Male Bird,7,Yes,1.897,12,98,180,80,4.8,1,Urban,Y
SL002137,Male Bird,7,Yes,1.897,12,98,180,80,4.8,1,Semiurban,Y
SL002138,Male Bird,9,Yes,3.36,6,93,180,65,4.8,1,Rural,Y
SL002139,Male Bird,3,Yes,0.78,15,2.75,90,300,2.63,1,Semiurban,Y
SL002140,Male Bird,9,Yes,3.36,6,93,180,65,4.8,1,Rural,N
SL002141,Male Bird,3,Yes,0.78,15,2.75,90,95,2.63,1,Rural,Y
SL002142,Female Bird,9,Yes,3.36,6,93,180,65,4.8,0,Rural,N
SL002143,Female Bird,9,Yes,3.36,6,93,180,65,4.8,1,Semiurban,Y
SL002144,Female Bird,1,Yes,0.287,15,2.75,86,300,2.63,1,Urban,Y
SL002149,Male Bird,3,Yes,0.78,15,2.75,90,300,2.63,1,Rural,Y
SL002151,Male Bird,3,Yes,0.78,15,2.75,90,255,2.63,1,Urban,N
SL002158,Male Bird,3,Yes,0.78,15,2.75,90,300,2.63,0,Urban,N
SL002160,Male Bird,3,No,0.78,15,2.75,90,300,2.63,1,Semiurban,Y
SL002161,Female Bird,3,Yes,0.78,15,2.75,90,100,2.63,1,Semiurban,N
SL002170,Male Bird,3,No,0.78,15,2.75,90,300,2.63,1,Semiurban,Y
SL002175,Male Bird,3,Yes,0.78,15,2.75,90,300,2.63,1,Urban,Y
SL002178,Male Bird,3,Yes,0.78,15,2.75,90,95,2.63,1,Urban,Y
SL002180,Male Bird,0,Yes,0.287,15,2.75,86,300,2.63,1,Rural,Y
SL002181,Male Bird,3,Yes,0.78,15,2.75,90,300,2.63,1,Rural,N
SL002187,Male Bird,0,Yes,0.287,15,2.75,86,96,2.63,1,Semiurban,N
SL002188,Male Bird,2,Yes,0.78,15,2.75,86,300,2.63,0,Rural,N
SL002190,Male Bird,1,Yes,0.287,15,2.75,86,300,2.63,1,Semiurban,Y
SL002191,Male Bird,1,Yes,0.287,15,2.75,86,300,2.63,1,Rural,N
SL002194,Female Bird,1,Yes,0.287,15,2.75,86,255,2.63,1,Semiurban,Y
SL002197,Male Bird,1,Yes,0.287,15,2.75,86,300,2.63,1,Semiurban,Y
SL002201,Male Bird,1,Yes,0.287,15,2.75,86,300,2.63,1,Rural,Y
SL002205,Male Bird,0,Yes,0.287,15,2.75,86,300,2.63,0,Urban,N
SL002209,Female Bird,0,Yes,0.287,15,2.75,86,300,2.63,1,Urban,Y
SL002211,Male Bird,1,Yes,0.287,15,2.75,86,300,2.63,1,Urban,Y
SL002219,Male Bird,0,Yes,0.287,15,2.75,86,300,2.63,1,Rural,Y
SL002223,Male Bird,5,Yes,8.96,12,98,90,100,4.8,1,Semiurban,Y
SL002224,Male Bird,1,Yes,0.287,15,2.75,86,100,2.63,1,Urban,N
SL002225,Male Bird,1,Yes,0.287,15,2.75,86,300,2.63,1,Urban,Y
SL002226,Male Bird,0,Yes,0.287,15,2.75,86,300,2.63,1,Semiurban,Y
SL002229,Male Bird,0,Yes,0.287,15,2.75,86,300,2.63,1,Semiurban,Y
SL002231,Female Bird,0,Yes,0.287,15,2.75,86,300,2.63,1,Urban,Y
SL002234,Male Bird,7,Yes,1.897,12,98,180,80,4.8,1,Urban,Y
SL002236,Male Bird,1,Yes,0.287,15,2.75,86,300,2.63,1,Urban,N
SL002237,Male Bird,0,Yes,0.287,15,2.75,86,300,2.63,1,Urban,Y
SL002239,Male Bird,0,Yes,0.287,15,2.75,86,300,2.63,1,Semiurban,Y
SL002243,Male Bird,0,Yes,0.287,15,2.75,86,255,2.63,0,Urban,N
SL002244,Male Bird,1,Yes,0.287,15,2.75,86,300,2.63,1,Urban,Y
SL002250,Male Bird,0,Yes,0.287,15,2.75,86,300,2.63,1,Rural,Y
SL002255,Male Bird,1,Yes,0.287,15,2.75,86,300,2.63,1,Rural,Y
SL002262,Male Bird,0,Yes,0.214,15,2.75,86,300,2.63,1,Rural,Y
SL002263,Male Bird,0,No,0.214,15,2.75,86,300,2.63,1,Urban,Y
SL002265,Male Bird,7,No,1.897,12,98,180,80,4.8,1,Semiurban,Y
SL002266,Male Bird,0,No,0.214,15,2.75,86,300,2.63,1,Urban,Y
SL002272,Male Bird,1,No,0.214,15,2.75,86,300,2.63,1,Semiurban,Y
SL002277,Female Bird,1,No,0.214,15,2.75,86,100,2.63,0,Urban,N
SL002281,Male Bird,0,No,0.214,15,2.75,86,95,2.63,1,Urban,Y
SL002284,Male Bird,0,No,0.214,15,2.75,86,300,2.63,1,Rural,Y
SL002287,Female Bird,1,No,0.214,15,2.75,86,300,2.63,0,Semiurban,N
SL002288,Male Bird,1,No,0.214,15,2.75,86,300,2.63,0,Urban,N
SL002296,Male Bird,0,No,0.214,15,2.75,86,255,2.63,1,Rural,N
SL002297,Male Bird,0,No,0.214,15,2.75,86,300,2.63,1,Semiurban,Y
SL002300,Female Bird,1,No,0.214,15,2.75,86,300,2.63,1,Semiurban,Y
SL002301,Female Bird,7,No,1.897,12,98,180,80,4.8,1,Rural,N
SL002305,Female Bird,0,No,0.214,15,2.75,86,300,2.63,1,Semiurban,Y
SL002308,Male Bird,0,No,0.214,15,2.75,86,300,2.63,1,Urban,Y
SL002314,Female Bird,1,No,0.214,15,2.75,86,255,2.63,1,Rural,Y
SL002315,Male Bird,0,No,0.214,15,2.75,86,300,2.63,0,Semiurban,N
SL002317,Male Bird,0,No,0.214,15,2.75,86,300,2.63,0,Rural,N
SL002318,Female Bird,11,No,3.36,2,69,180,48,4.8,1,Semiurban,N
SL002319,Male Bird,1,No,0.214,15,2.75,86,300,2.63,1,Urban,Y
SL002328,Male Bird,0,No,0.214,15,2.75,86,300,2.63,0,Rural,N
SL002332,Male Bird,0,No,0.214,15,2.75,86,300,2.63,1,Rural,Y
SL002335,Female Bird,0,No,0.214,15,2.75,86,300,2.63,0,Semiurban,N
SL002337,Female Bird,3,No,0.78,15,2.75,90,255,2.63,1,Urban,Y
SL002341,Female Bird,7,No,1.897,12,98,180,80,4.8,1,Urban,N
SL002342,Male Bird,0,No,0.214,15,2.75,86,300,2.63,1,Urban,N
SL002345,Male Bird,1,No,0.214,15,2.75,86,300,2.63,1,Rural,Y
SL002347,Male Bird,2,No,0.78,15,2.75,86,300,2.63,1,Semiurban,Y
SL002348,Male Bird,0,No,0.214,15,2.75,86,300,2.63,1,Rural,Y
SL002357,Female Bird,0,No,0.214,15,2.75,86,100,2.63,0,Urban,N
SL002361,Male Bird,10,No,3.36,6,93,180,65,4.8,1,Urban,Y
SL002362,Male Bird,2,No,0.78,15,2.75,86,300,2.63,0,Urban,N
SL002364,Male Bird,0,No,0.214,15,2.75,86,96,2.63,1,Semiurban,Y
SL002366,Male Bird,0,No,0.214,15,2.75,86,300,2.63,1,Rural,Y
SL002367,Female Bird,1,No,0.214,15,2.75,86,100,2.63,1,Rural,N
SL002368,Male Bird,0,No,0.214,15,2.75,86,300,2.63,1,Semiurban,Y
SL002369,Male Bird,1,No,0.214,15,2.75,86,100,2.63,1,Rural,Y
SL002370,Male Bird,5,No,8.96,12,98,90,100,4.8,1,Urban,Y
SL002377,Female Bird,0,No,0.214,15,2.75,86,300,2.63,1,Semiurban,Y
SL002379,Male Bird,1,No,0.214,15,2.75,86,300,2.63,0,Rural,N
SL002386,Male Bird,0,No,0.214,15,2.75,86,300,2.63,1,Semiurban,Y
SL002387,Male Bird,1,No,0.214,15,2.75,86,300,2.63,1,Semiurban,Y
SL002390,Male Bird,0,No,0.214,15,2.75,86,300,2.63,1,Urban,Y
SL002393,Female Bird,1,No,0.214,15,2.75,86,255,2.63,1,Semiurban,Y
SL002398,Male Bird,7,No,1.897,12,98,180,80,4.8,1,Semiurban,Y
SL002401,Male Bird,1,No,0.214,15,2.75,86,255,2.63,1,Urban,Y
SL002403,Male Bird,1,No,0.214,15,2.75,86,300,2.63,0,Urban,N
SL002407,Female Bird,1,No,0.214,15,2.75,86,300,2.63,1,Rural,Y
SL002408,Male Bird,5,No,8.96,12,98,90,100,4.8,1,Semiurban,Y
SL002409,Male Bird,9,No,3.36,6,93,180,65,4.8,1,Rural,Y
SL002418,Male Bird,1,No,0.214,15,2.75,86,300,2.63,1,Semiurban,Y
SL002422,Male Bird,1,No,0.214,15,2.75,86,300,2.63,1,Semiurban,Y
SL002424,Male Bird,1,No,0.214,15,2.75,86,300,2.63,1,Rural,Y
SL002429,Male Bird,0,No,0.214,15,2.75,86,300,2.63,1,Rural,Y
SL002434,Male Bird,2,No,0.78,15,2.75,86,300,2.63,1,Rural,Y
SL002435,Male Bird,1,No,0.214,15,2.75,86,255,2.63,1,Rural,N
SL002443,Male Bird,0,No,0.214,15,2.75,86,300,2.63,0,Rural,N
SL002444,Male Bird,0,No,0.214,15,2.75,86,300,2.63,1,Semiurban,N
SL002446,Male Bird,2,No,0.78,15,2.75,86,300,2.63,0,Rural,N
SL002447,Male Bird,9,No,3.36,6,93,180,65,4.8,1,Urban,Y
SL002448,Male Bird,0,No,0.214,15,2.75,86,300,2.63,0,Rural,N
SL002449,Male Bird,0,No,0.214,15,2.75,86,90,2.63,0,Rural,Y
SL002453,Male Bird,2,No,0.78,15,2.75,86,100,2.63,1,Semiurban,Y
SL002455,Male Bird,1,No,0.214,15,2.75,86,96,2.63,1,Semiurban,Y
SL002459,Male Bird,0,No,0.214,15,2.75,86,300,2.63,1,Urban,Y
SL002467,Male Bird,2,No,0.78,15,2.75,86,300,2.63,1,Urban,N
SL002472,Male Bird,1,No,0.214,15,2.75,86,300,2.63,1,Rural,Y
SL002473,Male Bird,2,No,0.78,15,2.75,86,300,2.63,1,Semiurban,N
SL002478,Female Bird,1,No,0.214,15,2.75,86,300,2.63,1,Semiurban,Y
SL002484,Male Bird,2,No,0.78,15,2.75,86,300,2.63,1,Urban,Y
SL002487,Male Bird,0,No,0.214,15,2.75,86,300,2.63,1,Rural,Y
SL002489,Female Bird,2,No,0.78,15,2.75,86,300,2.63,1,Semiurban,Y
SL002493,Male Bird,1,No,0.214,15,2.75,86,300,2.63,0,Semiurban,N
SL002494,Male Bird,4,No,0.78,12,98,90,100,2.63,1,Rural,Y
SL002500,Male Bird,10,No,3.36,6,93,180,65,4.8,0,Urban,N
SL002501,Female Bird,0,No,0.214,15,2.75,86,300,2.63,1,Semiurban,Y
SL002502,Female Bird,4,No,0.78,12,98,90,100,2.63,1,Semiurban,Y
SL002505,Male Bird,1,No,0.214,15,2.75,86,300,2.63,1,Urban,N
SL002515,Male Bird,4,No,0.78,12,98,90,100,2.63,1,Semiurban,Y
SL002517,Male Bird,0,No,0.214,15,2.75,86,300,2.63,0,Rural,N
SL002519,Male Bird,4,No,0.78,12,98,90,100,2.63,1,Semiurban,Y
SL002522,Female Bird,0,No,0.214,15,2.75,86,93,2.63,1,Urban,Y
SL002524,Male Bird,0,No,0.214,15,2.75,86,300,2.63,1,Rural,Y
SL002527,Male Bird,4,No,0.78,12,98,90,100,2.63,1,Rural,Y
SL002529,Male Bird,1,No,0.214,15,2.75,86,300,2.63,1,Semiurban,Y
SL002530,Female Bird,4,No,0.78,12,98,90,100,2.63,0,Semiurban,N
SL002531,Male Bird,0,No,0.214,15,2.75,86,100,2.63,1,Semiurban,Y
SL002533,Male Bird,6,No,8.96,12,98,90,100,4.8,1,Urban,N
SL002534,Female Bird,0,No,0.214,15,2.75,86,300,2.63,1,Rural,Y
SL002536,Male Bird,0,No,0.214,15,2.75,86,300,2.63,1,Rural,Y
SL002537,Male Bird,6,No,8.96,12,98,90,100,4.8,1,Semiurban,Y
SL002541,Male Bird,0,No,0.214,15,2.75,86,300,2.63,1,Semiurban,Y
SL002543,Male Bird,0,No,0.214,15,2.75,86,300,2.63,1,Semiurban,Y
SL002544,Male Bird,6,No,8.96,12,98,90,100,4.8,1,Rural,Y
SL002545,Male Bird,9,No,3.36,6,93,180,65,4.8,0,Rural,N
SL002547,Male Bird,0,No,0.214,15,2.75,86,300,2.63,1,Urban,N
SL002555,Male Bird,0,No,0.214,15,2.75,86,300,2.63,1,Semiurban,Y
SL002556,Male Bird,0,No,0.214,15,2.75,86,100,2.63,1,Urban,N
SL002560,Male Bird,0,No,0.214,15,2.75,86,96,2.63,1,Semiurban,Y
SL002562,Male Bird,0,No,0.214,15,2.75,86,300,2.63,1,Urban,Y
SL002571,Male Bird,5,No,8.96,12,98,90,100,4.8,1,Rural,Y
SL002582,Female Bird,6,No,8.96,12,98,90,100,4.8,1,Semiurban,Y
SL002585,Male Bird,0,No,0.214,15,2.75,86,300,2.63,0,Rural,N
SL002586,Female Bird,1,No,0.214,15,2.75,86,300,2.63,1,Semiurban,Y
SL002587,Male Bird,0,No,0.214,15,2.75,86,300,2.63,1,Rural,Y
SL002588,Male Bird,1,No,0.214,15,2.75,86,300,2.63,1,Urban,Y
SL002600,Male Bird,11,No,3.36,2,69,180,48,4.8,1,Semiurban,Y
SL002602,Male Bird,1,No,0.214,15,2.75,86,300,2.63,0,Rural,N
SL002603,Female Bird,1,No,0.214,15,2.75,86,300,2.63,1,Rural,Y
SL002606,Female Bird,0,No,0.214,15,2.75,86,300,2.63,1,Semiurban,Y
SL002615,Male Bird,7,No,1.897,12,98,180,80,4.8,1,Semiurban,Y
SL002618,Male Bird,1,No,0.214,15,2.75,86,300,2.63,1,Rural,N
SL002619,Male Bird,7,No,1.897,12,98,180,80,4.8,1,Semiurban,Y
SL002622,Male Bird,0,No,0.214,15,2.75,86,300,2.63,1,Rural,Y
SL002624,Male Bird,1,No,0.214,15,2.75,86,300,2.63,1,Urban,Y
SL002625,Female Bird,5,No,8.96,12,98,90,100,4.8,1,Urban,N
SL002626,Male Bird,0,No,0.214,15,2.75,86,300,2.63,1,Urban,Y
SL002634,Female Bird,1,No,0.214,15,2.75,86,300,2.63,1,Urban,Y
SL002637,Male Bird,0,No,0.214,15,2.75,86,300,2.63,1,Rural,N
SL002640,Male Bird,7,No,1.897,12,98,180,80,4.8,1,Semiurban,Y
SL002643,Male Bird,1,No,0.214,15,2.75,86,300,2.63,1,Urban,Y
SL002648,Male Bird,0,No,0.214,15,2.75,86,255,2.63,1,Semiurban,N
SL002652,Male Bird,7,No,1.897,12,98,180,80,4.8,1,Rural,N
SL002659,Male Bird,0,No,0.214,15,2.75,86,300,2.63,1,Rural,Y
SL002670,Female Bird,7,No,1.897,12,98,180,80,4.8,1,Semiurban,Y
SL002682,Male Bird,7,No,1.897,12,98,180,80,4.8,0,Semiurban,N
SL002683,Male Bird,7,No,1.897,12,98,180,80,4.8,1,Semiurban,N
SL002684,Female Bird,0,No,0.214,15,2.75,86,95,2.63,1,Rural,N
SL002689,Male Bird,0,No,0.214,15,2.75,86,300,2.63,1,Semiurban,Y
SL002690,Male Bird,7,No,1.897,12,98,180,80,4.8,1,Semiurban,Y
SL002692,Male Bird,7,No,1.897,12,98,180,80,4.8,1,Rural,Y
SL002693,Male Bird,7,No,1.897,12,98,180,80,4.8,1,Rural,Y
SL002697,Male Bird,0,No,0.214,15,2.75,86,255,2.63,1,Semiurban,N
SL002699,Male Bird,7,No,1.897,12,98,180,80,4.8,1,Rural,Y
SL002705,Male Bird,0,No,0.214,15,2.75,86,300,2.63,1,Semiurban,Y
SL002706,Male Bird,0,No,0.214,15,2.75,86,300,2.63,0,Semiurban,Y
SL002714,Male Bird,7,No,1.897,12,98,180,80,4.8,1,Semiurban,Y
SL002716,Male Bird,7,No,1.897,12,98,180,80,4.8,1,Semiurban,Y
SL002717,Male Bird,9,No,3.36,6,93,180,65,4.8,1,Rural,Y
SL002720,Male Bird,0,No,0.214,15,2.75,86,300,2.63,1,Urban,Y
SL002723,Male Bird,0,No,0.214,15,2.75,86,300,2.63,0,Rural,N
SL002729,Male Bird,9,No,3.36,6,93,180,65,4.8,1,Semiurban,N
SL002731,Female Bird,5,No,8.96,12,98,90,100,4.8,1,Urban,Y
SL002732,Male Bird,9,No,0.965,6,93,180,65,2.63,1,Rural,Y
SL002734,Male Bird,9,No,3.89,6,93,180,65,4.8,1,Urban,Y
SL002738,Male Bird,0,No,0.214,15,2.75,86,300,2.63,1,Semiurban,Y
SL002739,Male Bird,9,No,3.89,6,93,180,65,4.8,1,Rural,N
SL002740,Male Bird,0,No,0.214,15,2.75,86,300,2.63,1,Rural,Y
SL002741,Female Bird,9,No,3.89,6,93,180,65,4.8,1,Semiurban,Y
SL002743,Female Bird,5,No,8.96,12,98,90,100,4.8,0,Semiurban,N
SL002753,Female Bird,7,No,0.965,12,98,180,80,2.63,1,Semiurban,Y
SL002755,Male Bird,5,No,2.2,12,98,90,100,4.8,1,Urban,Y
SL002757,Female Bird,0,No,0.214,15,2.75,86,300,2.63,1,Semiurban,Y
SL002767,Male Bird,5,No,2.2,12,98,90,100,4.8,1,Rural,Y
SL002768,Male Bird,9,No,3.89,6,93,180,65,4.8,1,Semiurban,N
SL002772,Male Bird,5,No,2.2,12,98,90,100,4.8,1,Rural,Y
SL002776,Female Bird,9,No,3.89,6,93,180,65,4.8,0,Semiurban,N
SL002777,Male Bird,0,No,0.214,15,2.75,86,300,2.63,1,Rural,Y
SL002778,Male Bird,5,No,2.2,12,98,90,100,4.8,0,Rural,N
SL002784,Male Bird,8,No,2.2,6,98,180,65,4.8,1,Rural,Y
SL002785,Male Bird,0,No,0.214,15,2.75,86,300,2.63,1,Urban,Y
SL002788,Male Bird,0,No,0.214,15,2.75,86,300,2.63,0,Urban,N
SL002789,Male Bird,0,No,0.214,15,2.75,86,300,2.63,0,Rural,N
SL002792,Male Bird,8,No,2.2,6,98,180,65,4.8,1,Semiurban,Y
SL002794,Female Bird,0,No,0.214,15,2.75,86,100,2.63,1,Urban,Y
SL002795,Male Bird,0,No,0.214,15,2.75,86,300,2.63,1,Semiurban,Y
SL002798,Male Bird,8,No,2.2,6,98,180,65,4.8,1,Semiurban,Y
SL002804,Female Bird,0,No,0.214,15,2.75,86,300,2.63,1,Semiurban,Y
SL002807,Male Bird,0,No,0.32,15,2.75,86,300,2.35,1,Semiurban,Y
SL002813,Female Bird,8,No,2.2,6,98,180,65,4.8,1,Semiurban,Y
SL002820,Male Bird,0,No,0.32,15,2.75,86,300,2.35,1,Rural,Y
SL002821,Male Bird,8,No,2.2,6,98,180,65,4.8,1,Semiurban,Y
SL002832,Male Bird,5,No,8.96,12,98,90,100,2.63,0,Urban,N
SL002833,Male Bird,0,No,0.32,15,2.75,86,300,2.35,1,Rural,Y
SL002836,Male Bird,8,No,2.2,6,98,180,65,4.8,1,Urban,Y
SL002837,Male Bird,0,No,0.32,15,2.75,86,300,2.35,0,Rural,N
SL002840,Female Bird,8,No,2.2,6,98,180,65,4.8,1,Urban,N
SL002841,Male Bird,0,No,0.32,15,2.75,86,300,2.35,0,Urban,N
SL002842,Male Bird,0,No,0.32,15,2.75,86,300,2.35,1,Urban,Y
SL002847,Male Bird,8,No,2.2,6,98,180,65,4.8,0,Urban,N
SL002855,Male Bird,0,No,0.32,15,2.75,86,300,2.35,1,Urban,Y
SL002862,Male Bird,8,No,2.2,6,98,180,65,4.8,1,Semiurban,N
SL002863,Male Bird,8,No,2.2,6,98,180,65,4.8,1,Semiurban,N
SL002868,Male Bird,0,No,0.32,15,2.75,86,300,2.35,1,Urban,Y
SL002872,Female Bird,8,No,2.2,6,98,180,65,4.8,0,Semiurban,N
SL002874,Male Bird,8,No,1.98,6,98,180,65,4.8,1,Urban,Y
SL002877,Male Bird,0,No,0.32,15,2.75,86,300,2.35,1,Rural,Y
SL002888,Male Bird,8,No,0.965,6,98,180,65,2.63,1,Urban,Y
SL002892,Male Bird,8,No,1.98,6,98,180,65,4.8,1,Semiurban,Y
SL002893,Male Bird,8,No,1.98,6,98,180,65,4.8,1,Urban,N
SL002894,Female Bird,9,No,3.89,6,93,180,65,4.8,1,Semiurban,Y
SL002898,Male Bird,0,No,0.32,15,2.75,86,255,2.35,1,Rural,N
SL002911,Male Bird,9,No,3.89,6,93,180,65,4.8,0,Rural,N
SL002912,Male Bird,0,No,0.32,15,2.75,86,300,2.35,1,Rural,N
SL002916,Male Bird,9,No,3.89,6,93,180,65,4.8,1,Urban,Y
SL002917,Female Bird,9,No,3.89,6,93,180,65,4.8,1,Semiurban,Y
SL002925,Female Bird,9,No,3.89,6,93,180,65,4.8,1,Semiurban,Y
SL002926,Male Bird,9,No,3.89,6,93,250,65,4.8,0,Semiurban,N
SL002928,Male Bird,3,No,0.78,15,2.75,90,255,2.63,1,Semiurban,Y
SL002931,Male Bird,3,No,0.78,15,2.75,90,300,2.63,1,Semiurban,N
SL002933,Female Bird,3,No,0.78,15,2.75,90,300,2.63,1,Semiurban,Y
SL002936,Male Bird,3,No,0.78,15,2.75,90,300,2.63,1,Rural,Y
SL002983,Male Bird,1,No,0.25,15,2.75,86,300,2.63,1,Urban,Y
SL002984,Male Bird,1,No,0.25,15,2.75,86,300,2.63,1,Urban,Y
SL002990,Female Bird,1,No,0.25,15,2.75,86,300,2.63,0,Semiurban,N
SL002938,Male Bird,3,No,0.78,15,2.75,90,300,2.63,1,Urban,Y
SL002940,Male Bird,7,No,1.98,12,98,250,80,4.8,1,Rural,Y
SL002941,Male Bird,3,No,0.78,15,2.75,90,300,2.63,1,Rural,N
SL002943,Male Bird,0,No,0.32,15,2.75,86,100,2.35,0,Semiurban,N
SL002945,Male Bird,3,No,0.78,15,2.75,90,300,2.63,1,Rural,Y
SL002948,Male Bird,0,No,0.32,15,2.75,86,300,2.35,1,Urban,Y
SL002949,Female Bird,2,No,0.78,15,2.75,86,300,2.63,1,Urban,N
SL002950,Male Bird,0,No,0.965,15,2.75,86,300,2.63,1,Rural,Y
SL002953,Male Bird,2,No,0.78,15,2.75,86,300,2.63,1,Urban,Y
SL002958,Male Bird,0,No,0.25,15,2.75,86,300,2.63,1,Rural,Y
SL002959,Female Bird,2,No,0.78,15,2.75,86,300,2.63,1,Semiurban,Y
SL002960,Male Bird,7,No,1.98,12,98,250,80,4.8,1,Urban,N
SL002961,Male Bird,2,No,0.78,15,2.75,86,300,2.63,1,Semiurban,Y
SL002964,Male Bird,2,No,0.78,15,2.75,86,300,2.63,1,Rural,Y
SL002974,Male Bird,2,No,0.78,15,2.75,86,300,2.63,1,Rural,Y
SL002978,Female Bird,5,No,1.98,12,98,90,100,4.8,1,Rural,Y
SL002979,Male Bird,2,No,0.78,15,2.75,86,300,2.63,1,Rural,Y
